sampling_period,patch,quadrat,treatment,heading,mean_distance,mean_shoot_count,mean_height,mean_above,mean_below,mean_total_n,mean_shoot_count_offset,mean_height_offset,mean_above_offset,mean_below_offset,mean_total_n_offset,total_grunt_nh4_rate,grunt_pee_m2,cuke_pee_final_m2,log_grunt_pee_m2,log_cuke_pee_m2,mean_sand_depth,original_cuke_density,final_cuke_density,log_original_cuke_density,log_final_cuke_density,true_seagrass_area,scale_log_og_cukes,scale_log_cukes_final,scale_log_grunt_pee_m2,scale_log_cuke_pee_m2,scale_distance,scale_sand,scale_seagrass_area,scale_reef_area,scale_patch_size,cont_treatment,scale_cont_treatment,lat,long
1,119,1,natural,60,0.06666666666666667,303.3333333333333,12.34,NA,NA,NA,278,9.526666666666667,0.8676666666666667,5.181,0.01645,5457.3541853059305,185.50569133762568,3.1000588335541686,5.224417818259767,1.1600807687843235,14.125,0.2379431122245524,0.2379431122245524,-1.4357236581481019,-1.4046452648007277,29.418796512142528,-0.006805674373185967,0.8010034854859313,0.832026635885962,0.8198233715936959,-1.049943915231364,-0.3648066940440727,-0.32997276122233854,-0.22913233368359362,-0.31347938785045387,0,1.2236643728386054,24.823233,-76.273583
1,119,2,natural,60,2.7333333333333334,159.33333333333334,8.86,NA,NA,NA,252,8.16,0.5526666666666666,7.875666666666667,0.01472,5457.3541853059305,185.50569133762568,3.1000588335541686,5.224417818259767,1.1600807687843235,13.625,0.2379431122245524,0.2379431122245524,-1.4357236581481019,-1.4046452648007277,29.418796512142528,-0.006805674373185967,0.8010034854859313,0.832026635885962,0.8198233715936959,0.7284524998132467,-0.4358972292936869,-0.32997276122233854,-0.22913233368359362,-0.31347938785045387,0,1.2236643728386054,24.823233,-76.273583
1,119,3,natural,60,4.233333333333333,104.33333333333333,8.965,NA,NA,NA,131.66666666666666,9,0.39333333333333337,5.233,0.016819999999999998,5457.3541853059305,185.50569133762568,3.1000588335541686,5.224417818259767,1.1600807687843235,11.375,0.2379431122245524,0.2379431122245524,-1.4357236581481019,-1.4046452648007277,29.418796512142528,-0.006805674373185967,0.8010034854859313,0.832026635885962,0.8198233715936959,1.6811648650157172,-0.75580463791695085,-0.32997276122233854,-0.22913233368359362,-0.31347938785045387,0,1.2236643728386054,24.823233,-76.273583
1,74Tall,1,half,60,0.06666666666666667,211,15.62,NA,NA,NA,229,8.893333333333334,0.4663333333333333,2.886,0.016819999999999998,856.5379707188599,35.39717701040619,5.455014868111714,3.573594372201872,1.7129231250699737,10.75,0.8678432744723182,0.4545845723426429,-0.1417441399882799,-0.771983542751814,24.197917547691777,1.1887260637091936,1.163085077492953,0.017549281903662863,1.133989380770733,-1.049943915231364,-0.8446678069789686,-0.4642449433018406,-0.3914256114700662,-0.48198581289645687,-0.5,0,24.85711003,-76.25735301
1,74Tall,2,half,60,0.9,197,9.873333333333333,NA,NA,NA,237.33333333333334,7.1866666666666665,0.6073333333333333,4.505,0.01694,856.5379707188599,35.39717701040619,5.455014868111714,3.573594372201872,1.7129231250699737,6.25,0.8678432744723182,0.4545845723426429,-0.1417441399882799,-0.771983542751814,24.197917547691777,1.1887260637091936,1.163085077492953,0.017549281903662863,1.133989380770733,-0.16074570770905874,-1.4844826242254965,-0.4642449433018406,-0.3914256114700662,-0.48198581289645687,-0.5,0,24.85711003,-76.25735301
1,74Tall,3,half,60,2.3666666666666667,59,7.913333333333333,NA,NA,NA,51,6.46,0.198,1.834,0.01629,856.5379707188599,35.39717701040619,5.455014868111714,3.573594372201872,1.7129231250699737,4.125,0.8678432744723182,0.4545845723426429,-0.1417441399882799,-0.771983542751814,24.197917547691777,1.1887260637091936,1.163085077492953,0.017549281903662863,1.133989380770733,0.7919666574934113,-1.786617399036357,-0.4642449433018406,-0.3914256114700662,-0.48198581289645687,-0.5,0,24.85711003,-76.25735301
1,76S,1,natural,60,0.23333333333333334,324,17.033333333333335,NA,NA,NA,247.66666666666666,17.906666666666666,1.3903333333333334,4.465,0.015029999999999998,19.956576940447356,1.0715794642893455,8.37650649848323,0.276786807237908,2.1361335702111104,22.25,0.698042208206936,0.698042208206936,-0.3594757078375041,-0.34877309138795276,18.623515665898136,0.9875598195043656,1.4052946322097621,-1.6090178161786752,1.3744889283910127,-1.049943915231364,0.7904145037621583,-0.6076091372532814,-0.596539121302373,-0.680776244378879,0,1.2236643728386054,24.85207502,-76.25828097
1,76S,2,natural,60,1.6666666666666667,151,11.273333333333333,NA,NA,NA,215.33333333333334,11.726666666666667,1.9,4.699333333333334,0.01555,19.956576940447356,1.0715794642893455,8.37650649848323,0.276786807237908,2.1361335702111104,17.625,0.698042208206936,0.698042208206936,-0.3594757078375041,-0.34877309138795276,18.623515665898136,0.9875598195043656,1.4052946322097621,-1.6090178161786752,1.3744889283910127,-0.16074570770905874,0.13282705270322678,-0.6076091372532814,-0.596539121302373,-0.680776244378879,0,1.2236643728386054,24.85207502,-76.25828097
1,76S,3,natural,60,3.1333333333333333,131,9.513333333333334,NA,NA,NA,132.66666666666666,9.873333333333333,1.0086666666666666,5.328,0.016659999999999998,19.956576940447356,1.0715794642893455,8.37650649848323,0.276786807237908,2.1361335702111104,12.5,0.698042208206936,0.698042208206936,-0.3594757078375041,-0.34877309138795276,18.623515665898136,0.9875598195043656,1.4052946322097621,-1.6090178161786752,1.3744889283910127,0.7919666574934113,-0.5958509336053188,-0.6076091372532814,-0.596539121302373,-0.680776244378879,0,1.2236643728386054,24.85207502,-76.25828097
1,78S,1,natural,60,0.13333333333333333,224,20.386666666666667,NA,NA,NA,189,11.146666666666667,0.746,1.9476666666666667,0.01776,0,0,15.672366570694104,-1.397130055791962,2.7576336169575915,24.75,1.2765712118986425,1.2765712118986425,0.2441777429813232,0.2500442311765116,10.18352903373492,1.5452864675143552,1.7480065775023212,-2.4348889174418593,1.7276713268988386,-1.1134580729115289,1.1458671800102294,-0.8246713272674112,0.09094413995893554,-0.389977074534518,0,1.2236643728386054,24.85274599,-76.24708501
1,78S,2,natural,60,1.5,150.66666666666666,10.026666666666667,NA,NA,NA,217.33333333333334,12.440000000000001,0.8525,4.4495000000000005,0.017390000000000003,0,0,15.672366570694104,-1.397130055791962,2.7576336169575915,34.375,1.2765712118986425,1.2765712118986425,0.2441777429813232,0.2500442311765116,10.18352903373492,1.5452864675143552,1.7480065775023212,-2.4348889174418593,1.7276713268988386,-0.16074570770905874,2.5143599835653028,-0.8246713272674112,0.09094413995893554,-0.389977074534518,0,1.2236643728386054,24.85274599,-76.24708501
1,78S,3,natural,60,2.933333333333333,58.333333333333336,8.406666666666666,NA,NA,NA,70.66666666666667,7.72,0.6776666666666668,3.6163333333333334,0.01753,0,0,15.672366570694104,-1.397130055791962,2.7576336169575915,28,1.2765712118986425,1.2765712118986425,0.2441777429813232,0.2500442311765116,10.18352903373492,1.5452864675143552,1.7480065775023212,-2.4348889174418593,1.7276713268988386,0.6649383421330819,1.6079556591327218,-0.8246713272674112,0.09094413995893554,-0.389977074534518,0,1.2236643728386054,24.85274599,-76.24708501
1,85,1,natural,60,0.06666666666666667,324.6666666666667,14.213333333333333,NA,NA,NA,287,12.406666666666666,0.948,4.585,0.01694,2162.2102922982067,55.82268948350483,2.261605920651402,4.026600824234112,0.855154638055059,27.25,0.18072193429862804,0.18072193429862804,-1.7107957035893413,-1.6700750708676568,38.73353850027457,-0.2609498520584022,0.6490941105429056,0.24105198128026756,0.6465417398666388,-1.1134580729115289,1.5013198562583003,-0.09041334205744195,-0.004812656207342594,-0.051521079719641406,0,1.2236643728386054,24.83654201,-76.24768498
1,85,2,natural,60,1.3333333333333333,236.66666666666666,9.773333333333333,NA,NA,NA,239.66666666666666,9.693333333333333,0.6756666666666666,7.718666666666667,0.01699,2162.2102922982067,55.82268948350483,2.261605920651402,4.026600824234112,0.855154638055059,19,0.18072193429862804,0.18072193429862804,-1.7107957035893413,-1.6700750708676568,38.73353850027457,-0.2609498520584022,0.6490941105429056,0.24105198128026756,0.6465417398666388,-0.2877740230693881,0.32832602463966587,-0.09041334205744195,-0.004812656207342594,-0.051521079719641406,0,1.2236643728386054,24.83654201,-76.24768498
1,85,3,natural,60,2.8333333333333335,146,9.386666666666667,NA,NA,NA,113.66666666666667,7.806666666666667,0.2613333333333333,2.1166666666666667,0.01695,2162.2102922982067,55.82268948350483,2.261605920651402,4.026600824234112,0.855154638055059,28,0.18072193429862804,0.18072193429862804,-1.7107957035893413,-1.6700750708676568,38.73353850027457,-0.2609498520584022,0.6490941105429056,0.24105198128026756,0.6465417398666388,0.6649383421330819,1.6079556591327218,-0.09041334205744195,-0.004812656207342594,-0.051521079719641406,0,1.2236643728386054,24.83654201,-76.24768498
1,96,1,half,60,0.2,333.6666666666667,17.693333333333335,NA,NA,NA,345,17.453333333333333,2.302,5.288333333333333,0.01609,8.626515319739022,0.4946114368676721,0.6880341623959032,-0.298517717431412,-0.2508150727563273,NA,0.11467236039931719,0.057336180199658596,-2.1656762568643915,-2.7357218510515775,17.440994438725347,-0.6812224536295396,0.039208812857203394,-1.8928595002216573,0.018047764385560192,-1.1134580729115289,NA,-0.6380215843927306,-0.6878926654912725,-0.751314073848646,-0.5,0,24.86374003,-76.25775299
1,96,2,half,60,1.1666666666666667,286,12.799999999999999,NA,NA,NA,281.3333333333333,10.746666666666666,1.8559999999999999,9.318333333333333,0.01546,8.626515319739022,0.4946114368676721,0.6880341623959032,-0.298517717431412,-0.2508150727563273,NA,0.11467236039931719,0.057336180199658596,-2.1656762568643915,-2.7357218510515775,17.440994438725347,-0.6812224536295396,0.039208812857203394,-1.8928595002216573,0.018047764385560192,-0.4148023384297174,NA,-0.6380215843927306,-0.6878926654912725,-0.751314073848646,-0.5,0,24.86374003,-76.25775299
1,96,3,half,60,2.7,128.66666666666666,10.073333333333334,NA,NA,NA,143,7.546666666666667,1.0203333333333333,4.015333333333333,0.01631,8.626515319739022,0.4946114368676721,0.6880341623959032,-0.298517717431412,-0.2508150727563273,NA,0.11467236039931719,0.057336180199658596,-2.1656762568643915,-2.7357218510515775,17.440994438725347,-0.6812224536295396,0.039208812857203394,-1.8928595002216573,0.018047764385560192,0.5379100267727527,NA,-0.6380215843927306,-0.6878926654912725,-0.751314073848646,-0.5,0,24.86374003,-76.25775299
1,Biscuit,1,zero,60,0.2,313.6666666666667,17.153333333333332,NA,NA,NA,254.33333333333334,14.433333333333334,0.9696666666666667,6.022333333333333,0.02023,2281.760573025883,56.51499726796713,0,4.038872425252524,-2.4064789070070094,24,0.27244969401992847,0,-1.300301291022376,-4.891386666278263,40.37442596355201,0.11831356876235528,-1.194509809478628,0.24710649979977994,-1.2069602261090813,-1.049943915231364,1.039231377135808,-0.048212490104855246,-0.4273947921797895,-0.2793727003542179,-1,-1.2236643728386054,24.851367,-76.26735002
1,Biscuit,2,zero,60,1.7666666666666666,165.33333333333334,13.173333333333332,NA,NA,NA,175.33333333333334,8.08,0.42433333333333334,3.7756666666666665,0.01728,2281.760573025883,56.51499726796713,0,4.038872425252524,-2.4064789070070094,14.625,0.27244969401992847,0,-1.300301291022376,-4.891386666278263,40.37442596355201,0.11831356876235528,-1.194509809478628,0.24710649979977994,-1.2069602261090813,-0.6688589691503762,-0.29371615879445845,-0.048212490104855246,-0.4273947921797895,-0.2793727003542179,-1,-1.2236643728386054,24.851367,-76.26735002
1,Biscuit,3,zero,60,3.266666666666667,25,6.906666666666666,NA,NA,NA,103,8.786666666666667,0.3536666666666667,2.5073333333333334,0.01787,2281.760573025883,56.51499726796713,0,4.038872425252524,-2.4064789070070094,4,0.27244969401992847,0,-1.300301291022376,-4.891386666278263,40.37442596355201,0.11831356876235528,-1.194509809478628,0.24710649979977994,-1.2069602261090813,0.2838533960520941,-1.8043900328487605,-0.048212490104855246,-0.4273947921797895,-0.2793727003542179,-1,-1.2236643728386054,24.851367,-76.26735002
1,CT15,1,zero,60,0.1,200,18.913333333333334,NA,NA,NA,202.33333333333334,20.1,2.033333333333333,9.100333333333333,0.01641,7399.023888695108,346.49652071938436,0,5.8485862549106615,-2.4064789070070094,13.875,0.327810219499568,0,-1.115320437137723,-4.891386666278263,21.35381871463963,0.28922081934324667,-1.194509809478628,1.1399766216561906,-1.2069602261090813,-1.1134580729115289,-0.40035196166887976,-0.5373903578889133,0.6774127134522859,0.11240253460335353,-1,-1.2236643728386054,24.883417,-76.258817
1,CT15,2,zero,60,1.8666666666666667,160,14.453333333333333,NA,NA,NA,228.33333333333334,11.153333333333332,1.2306666666666666,4.244666666666667,0.016819999999999998,7399.023888695108,346.49652071938436,0,5.8485862549106615,-2.4064789070070094,7.625,0.327810219499568,0,-1.115320437137723,-4.891386666278263,21.35381871463963,0.28922081934324667,-1.194509809478628,1.1399766216561906,-1.2069602261090813,-0.2242598653892235,-1.2889836522890574,-0.5373903578889133,0.6774127134522859,0.11240253460335353,-1,-1.2236643728386054,24.883417,-76.258817
1,CT15,3,zero,60,2.933333333333333,80,8.373333333333333,NA,NA,NA,84,8.78,0.477,2.688,0.01857,7399.023888695108,346.49652071938436,0,5.8485862549106615,-2.4064789070070094,5.375,0.327810219499568,0,-1.115320437137723,-4.891386666278263,21.35381871463963,0.28922081934324667,-1.194509809478628,1.1399766216561906,-1.2069602261090813,0.7919666574934113,-1.6088910609123213,-0.5373903578889133,0.6774127134522859,0.11240253460335353,-1,-1.2236643728386054,24.883417,-76.258817
1,Check3,1,zero,60,0.13333333333333333,235.33333333333334,14.08,NA,NA,NA,269,11.26,0.8663333333333333,6.07,0.01789,1746.0336731554116,127.88544758420342,0,4.853066861499494,-2.4064789070070094,16.875,0.4394604166588277,0,-0.8222076303979884,-4.891386666278263,13.653106793138237,0.5600331918559913,-1.194509809478628,0.6488108320499076,-1.2069602261090813,-0.9864297575511995,0.026191249828805475,-0.7354396519457438,-0.47386117697060465,-0.6768433995997588,-1,-1.2236643728386054,24.831183,-76.257383
1,Check3,2,zero,60,1.1,206.66666666666666,11.38,NA,NA,NA,214.66666666666666,9.66,0.7496666666666667,3.7733333333333334,0.01804,1746.0336731554116,127.88544758420342,0,4.853066861499494,-2.4064789070070094,15.875,0.4394604166588277,0,-0.8222076303979884,-4.891386666278263,13.653106793138237,0.5600331918559913,-1.194509809478628,0.6488108320499076,-1.2069602261090813,-0.2877740230693881,-0.11598982067042295,-0.7354396519457438,-0.47386117697060465,-0.6768433995997588,-1,-1.2236643728386054,24.831183,-76.257383
1,Check3,3,zero,60,2.6,61,8.62,NA,NA,NA,84.33333333333333,7.7,0.21266666666666667,2.6443333333333334,0.01865,1746.0336731554116,127.88544758420342,0,4.853066861499494,-2.4064789070070094,10.25,0.4394604166588277,0,-0.8222076303979884,-4.891386666278263,13.653106793138237,0.5600331918559913,-1.194509809478628,0.6488108320499076,-1.2069602261090813,0.6649383421330819,-0.9157583422285828,-0.7354396519457438,-0.47386117697060465,-0.6768433995997588,-1,-1.2236643728386054,24.831183,-76.257383
1,Check5,1,half,60,0.03333333333333333,153.33333333333334,17.5,NA,NA,NA,205,16.2,1.0433333333333334,4.26,0.01776,4311.403665460886,169.41430996963138,2.970661721218116,5.133805957319224,1.118674301019808,17.75,0.4715336065425581,0.23576680327127905,-0.7517649036425628,-1.4135512652851705,25.448875400394062,0.6251165369717944,0.7959064506544593,0.7873208807584219,0.7962931471385818,-1.1134580729115289,0.15059968651563035,-0.43207242183265254,-0.30977036910475936,-0.4162511215883045,-0.5,0,24.846717,-76.250533
1,Check5,2,half,60,1.5,244,10.74,NA,NA,NA,255,7.5,0.766,5.822,0.01685,4311.403665460886,169.41430996963138,2.970661721218116,5.133805957319224,1.118674301019808,16.75,0.4715336065425581,0.23576680327127905,-0.7517649036425628,-1.4135512652851705,25.448875400394062,0.6251165369717944,0.7959064506544593,0.7873208807584219,0.7962931471385818,-0.2242598653892235,0.008418616016401922,-0.43207242183265254,-0.30977036910475936,-0.4162511215883045,-0.5,0,24.846717,-76.250533
1,Check5,3,half,60,3,116.66666666666667,7.933333333333334,NA,NA,NA,158,6.153333333333333,0.38833333333333336,3.0103333333333335,0.01705,4311.403665460886,169.41430996963138,2.970661721218116,5.133805957319224,1.118674301019808,22.875,0.4715336065425581,0.23576680327127905,-0.7517649036425628,-1.4135512652851705,25.448875400394062,0.6251165369717944,0.7959064506544593,0.7873208807584219,0.7962931471385818,0.7284524998132467,0.879277672824176,-0.43207242183265254,-0.30977036910475936,-0.4162511215883045,-0.5,0,24.846717,-76.250533
1,Damsel,1,natural,60,0,294.6666666666667,13.26,NA,NA,NA,247.66666666666666,9.266666666666666,1.0653333333333332,3.911,0.01727,16740.67934404415,752.9872609829126,6.800899265842609,6.624376688829932,1.9302207640760178,15,0.5397539099875087,0.5397539099875087,-0.616641965542113,-0.6028222976556399,22.232354000506845,0.7499591320630683,1.2598985416171145,1.522733324907658,1.2574740075796962,-1.1134580729115289,-0.24039825735724782,-0.5147959153304006,0.02543415484401576,-0.2620219145639818,0,1.2236643728386054,24.820622,-76.255838
1,Damsel,2,natural,60,1.2333333333333334,170.33333333333334,10.886666666666667,NA,NA,NA,187,8.14,0.6133333333333333,4.7636666666666665,0.01812,16740.67934404415,752.9872609829126,6.800899265842609,6.624376688829932,1.9302207640760178,11.75,0.5397539099875087,0.5397539099875087,-0.616641965542113,-0.6028222976556399,22.232354000506845,0.7499591320630683,1.2598985416171145,1.522733324907658,1.2574740075796962,-0.03371739234872943,-0.7024867364797401,-0.5147959153304006,0.02543415484401576,-0.2620219145639818,0,1.2236643728386054,24.820622,-76.255838
1,Damsel,3,natural,60,2.7666666666666666,81,8.213333333333333,NA,NA,NA,132.33333333333334,7.473333333333333,0.5153333333333333,3.307,0.01694,16740.67934404415,752.9872609829126,6.800899265842609,6.624376688829932,1.9302207640760178,11,0.5397539099875087,0.5397539099875087,-0.616641965542113,-0.6028222976556399,22.232354000506845,0.7499591320630683,1.2598985416171145,1.522733324907658,1.2574740075796962,0.9825091305339053,-0.8091225393541615,-0.5147959153304006,0.02543415484401576,-0.2620219145639818,0,1.2236643728386054,24.820622,-76.255838
1,E1,1,half,60,0,186.66666666666666,10.52,NA,NA,NA,344.6666666666667,9.713333333333333,1.1283333333333334,4.1306666666666665,0.01944,19122.717035691676,159.791169990522,0.6618024331808344,5.075414259390576,-0.2851060157623523,9,0.1086291872645309,0.05013654796824503,-2.2198151482497193,-2.8534075662463,119.67317741540998,-0.7312423820808026,-0.028144449761861024,0.7585117941555953,-0.0014388914262346152,-1.1134580729115289,-1.0934846803526184,1.9912173580339836,4.1370914530157625,3.524888985595452,-0.5,0,24.81238897,-76.26444602
1,E1,2,half,60,4.033333333333333,171.33333333333334,8.753333333333334,NA,NA,NA,210.66666666666666,7.266666666666667,1.053,3.9643333333333337,0.018680000000000002,19122.717035691676,159.791169990522,0.6618024331808344,5.075414259390576,-0.2851060157623523,14.75,0.1086291872645309,0.05013654796824503,-2.2198151482497193,-2.8534075662463,119.67317741540998,-0.7312423820808026,-0.028144449761861024,0.7585117941555953,-0.0014388914262346152,1.1730516035743994,-0.27594352498205493,1.9912173580339836,4.1370914530157625,3.524888985595452,-0.5,0,24.81238897,-76.26444602
1,E1,3,half,60,5.533333333333333,83.33333333333333,9.893333333333333,NA,NA,NA,110.33333333333333,8.766666666666666,0.5693333333333334,2.0389999999999997,0.01838,19122.717035691676,159.791169990522,0.6618024331808344,5.075414259390576,-0.2851060157623523,10.25,0.1086291872645309,0.05013654796824503,-2.2198151482497193,-2.8534075662463,119.67317741540998,-0.7312423820808026,-0.028144449761861024,0.7585117941555953,-0.0014388914262346152,2.1257639687768695,-0.9157583422285828,1.9912173580339836,4.1370914530157625,3.524888985595452,-0.5,0,24.81238897,-76.26444602
1,E2,1,zero,60,0,296,17.466666666666665,NA,NA,NA,193.66666666666666,12.393333333333334,0.5796666666666667,1.7686666666666668,0.01799,19583.787379399324,114.93098934381707,0,4.746481319432217,-2.4064789070070094,17.25,0.02347472163933231,0,-3.7518311117075367,-4.891386666278263,170.39605672247586,-2.146700418207503,-1.194509809478628,0.5962240393901429,-1.2069602261090813,-1.1134580729115289,0.07950915126601613,3.295724076594056,0.39220460752513614,2.0065685406725753,-1,-1.2236643728386054,24.81435,-76.266
1,E2,2,zero,60,3.8333333333333335,196.33333333333334,9.6466666666666665,NA,NA,NA,200.66666666666666,9.26,0.6423333333333333,4.966333333333333,0.01661,19583.787379399324,114.93098934381707,0,4.746481319432217,-2.4064789070070094,16.375,0.02347472163933231,0,-3.7518311117075367,-4.891386666278263,170.39605672247586,-2.146700418207503,-1.194509809478628,0.5962240393901429,-1.2069602261090813,0.9825091305339053,-0.04489928542080873,3.295724076594056,0.39220460752513614,2.0065685406725753,-1,-1.2236643728386054,24.81435,-76.266
1,E2,3,zero,60,5.333333333333333,95.66666666666667,8.793333333333333,NA,NA,NA,137.33333333333334,8.113333333333333,0.507,3.441,0.01758,19583.787379399324,114.93098934381707,0,4.746481319432217,-2.4064789070070094,15,0.02347472163933231,0,-3.7518311117075367,-4.891386666278263,170.39605672247586,-2.146700418207503,-1.194509809478628,0.5962240393901429,-1.2069602261090813,1.9352214957363756,-0.24039825735724782,3.295724076594056,0.39220460752513614,2.0065685406725753,-1,-1.2236643728386054,24.81435,-76.266
1,F5Small,1,zero,60,0.06666666666666667,158.33333333333334,16.126666666666665,NA,NA,NA,197.66666666666666,13.153333333333334,2.0746666666666664,3.6189999999999998,0.01755,393.5481040862713,58.87465869674385,0,4.079602503367091,-2.4064789070070094,22.375,0.44879895051282753,0,-0.8011802632059133,-4.891386666278263,6.6845076098596055,0.5794607674038549,-1.194509809478628,0.26720175973170174,-1.2069602261090813,-0.9864297575511995,0.8081871375745617,-0.9146602438704781,-0.7206662371709998,-0.9196552533156945,-1,-1.2236643728386054,24.82288303,-76.24753
1,F5Small,2,zero,60,0.6666666666666666,169.66666666666666,12.966666666666667,NA,NA,NA,120,9.56,1.115,2.5813333333333333,0.01858,393.5481040862713,58.87465869674385,0,4.079602503367091,-2.4064789070070094,17.75,0.44879895051282753,0,-0.8011802632059133,-4.891386666278263,6.6845076098596055,0.5794607674038549,-1.194509809478628,0.26720175973170174,-1.2069602261090813,-0.6688589691503762,0.15059968651563035,-0.9146602438704781,-0.7206662371709998,-0.9196552533156945,-1,-1.2236643728386054,24.82288303,-76.24753
1,F5Small,3,zero,60,2.166666666666667,103,10.92,NA,NA,NA,74.66666666666667,8.553333333333333,0.5813333333333334,1.7736666666666667,0.019110000000000002,393.5481040862713,58.87465869674385,0,4.079602503367091,-2.4064789070070094,21.625,0.44879895051282753,0,-0.8011802632059133,-4.891386666278263,6.6845076098596055,0.5794607674038549,-1.194509809478628,0.26720175973170174,-1.2069602261090813,0.2838533960520941,0.7015513347001404,-0.9146602438704781,-0.7206662371709998,-0.9196552533156945,-1,-1.2236643728386054,24.82288303,-76.24753
1,FFA,1,zero,60,0.09999999999999999,238.66666666666666,15.653333333333332,NA,NA,NA,315,11.173333333333334,1.2189999999999999,4.672666666666667,0.01776,612.8252909065166,17.165570129914986,0,2.8572099227877104,-2.4064789070070094,27.625,0.3921476241023302,0,-0.9361169179868996,-4.891386666278263,35.70084105965851,0.4547902829353291,-1.194509809478628,-0.33589790966987476,-1.2069602261090813,-1.1134580729115289,1.554637757695511,-0.16840919404158747,-0.44121765914674926,-0.35226803341707097,-1,-1.2236643728386054,24.851025,-76.244734
1,FFA,2,zero,60,1.3,265.6666666666667,10.98,NA,NA,NA,252,8.44,0.709,2.2963333333333336,0.01825,612.8252909065166,17.165570129914986,0,2.8572099227877104,-2.4064789070070094,24.375,0.3921476241023302,0,-0.9361169179868996,-4.891386666278263,35.70084105965851,0.4547902829353291,-1.194509809478628,-0.33589790966987476,-1.2069602261090813,-0.3512881807495528,1.0925492785730186,-0.16840919404158747,-0.44121765914674926,-0.35226803341707097,-1,-1.2236643728386054,24.851025,-76.244734
1,FFA,3,zero,60,2.8000000000000003,62,8.606666666666666,NA,NA,NA,66,8.213333333333333,0.22133333333333333,1.5126666666666666,0.01799,612.8252909065166,17.165570129914986,0,2.8572099227877104,-2.4064789070070094,26.25,0.3921476241023302,0,-0.9361169179868996,-4.891386666278263,35.70084105965851,0.4547902829353291,-1.194509809478628,-0.33589790966987476,-1.2069602261090813,0.6014241844529175,1.359138785759072,-0.16840919404158747,-0.44121765914674926,-0.35226803341707097,-1,-1.2236643728386054,24.851025,-76.244734
1,Josh,1,half,60,0.06666666666666667,180.33333333333334,9.846666666666668,NA,NA,NA,234.66666666666666,9.606666666666667,0.902,3.7466666666666666,0.01712,123.20076136376493,2.6103735137471427,2.6188325683029454,1.05000983169208,0.9965665206786463,26,0.4237593152593763,0.21187965762968816,-0.8585896376161153,-1.5169013134984517,47.19660259918609,0.5264191788720234,0.7367577007192228,-1.2275278122055076,0.7269024544698971,-1.1134580729115289,1.3235935181342648,0.1272423613934601,-0.21345619927045884,-0.0580758210181752,-0.5,0,24.844133,-76.24934703
1,Josh,2,half,60,2.1333333333333333,262.6666666666667,9.426666666666666,NA,NA,NA,263,7.633333333333334,0.839,4.9830000000000005,0.01595,123.20076136376493,2.6103735137471427,2.6188325683029454,1.05000983169208,0.9965665206786463,19.25,0.4237593152593763,0.21187965762968816,-0.8585896376161153,-1.5169013134984517,47.19660259918609,0.5264191788720234,0.7367577007192228,-1.2275278122055076,0.7269024544698971,0.2838533960520941,0.36387129226447296,0.1272423613934601,-0.21345619927045884,-0.0580758210181752,-0.5,0,24.844133,-76.24934703
1,Josh,3,half,60,3.6333333333333333,119,8.313333333333333,NA,NA,NA,123.33333333333333,6.593333333333334,0.421,3.412333333333333,0.01547,123.20076136376493,2.6103735137471427,2.6188325683029454,1.05000983169208,0.9965665206786463,18.5,0.4237593152593763,0.21187965762968816,-0.8585896376161153,-1.5169013134984517,47.19660259918609,0.5264191788720234,0.7367577007192228,-1.2275278122055076,0.7269024544698971,1.2365657612545642,0.25723548939005164,0.1272423613934601,-0.21345619927045884,-0.0580758210181752,-0.5,0,24.844133,-76.24934703
1,LS02,1,natural,60,0.15,393.6666666666667,19.406666666666666,NA,NA,NA,318,13.360000000000001,1.8326666666666667,6.402666666666667,0.017589999999999998,1269.796451596079,29.022267357004274,0.35655113872792993,3.3765485142292633,-0.8059055737638443,16,0.022855842226149354,0.022855842226149354,-3.7785485170286037,-3.494403982078894,43.752489630677474,-2.1713851257877055,-0.39499610938781904,-0.07966849713742409,-0.29739580727794535,-0.9546726787111172,-0.09821718685801939,0.038665597450300106,-0.5255854533630994,-0.2908297271617392,0,1.2236643728386054,24.841433,-76.276583
1,LS02,2,natural,60,1.3333333333333333,299.3333333333333,10.833333333333334,NA,NA,NA,279.6666666666667,10,0.9276666666666666,10.445666666666668,0.01796,1269.796451596079,29.022267357004274,0.35655113872792993,3.3765485142292633,-0.8059055737638443,12.125,0.022855842226149354,0.022855842226149354,-3.7785485170286037,-3.494403982078894,43.752489630677474,-2.1713851257877055,-0.39499610938781904,-0.07966849713742409,-0.29739580727794535,-0.4148023384297174,-0.6491688350425295,0.038665597450300106,-0.5255854533630994,-0.2908297271617392,0,1.2236643728386054,24.841433,-76.276583
1,LS02,3,natural,60,2.8333333333333335,54.333333333333336,7.373333333333334,NA,NA,NA,107,7.8533333333333335,0.28300000000000003,3.089,0.0173,1269.796451596079,29.022267357004274,0.35655113872792993,3.3765485142292633,-0.8059055737638443,9.75,0.022855842226149354,0.022855842226149354,-3.7785485170286037,-3.494403982078894,43.752489630677474,-2.1713851257877055,-0.39499610938781904,-0.07966849713742409,-0.29739580727794535,0.5379100267727527,-0.986848877478197,0.038665597450300106,-0.5255854533630994,-0.2908297271617392,0,1.2236643728386054,24.841433,-76.276583
1,Montreal,1,zero,60,0.7666666666666666,225.66666666666666,11.106666666666666,NA,NA,NA,121,8.6,0.3646666666666667,1.146,0.01856,135.1298963087574,11.633159951330903,0,2.474895509406321,-2.4064789070070094,9.5,0.6026210474790317,0,-0.5064667251178822,-4.891386666278263,11.615923521561974,0.8517520853745256,-1.194509809478628,-0.5245228244321093,-1.2069602261090813,-0.6688589691503762,-1.022394145103004,-0.787832562226356,-0.31512115631777593,-0.610921429968791,-1,-1.2236643728386054,24.820924,-76.263468
1,Montreal,2,zero,60,1.5666666666666667,199.33333333333334,8.173333333333334,NA,NA,NA,162.33333333333334,6.32,0.376,2.038,0.01831,135.1298963087574,11.633159951330903,0,2.474895509406321,-2.4064789070070094,7.75,0.6026210474790317,0,-0.5064667251178822,-4.891386666278263,11.615923521561974,0.8517520853745256,-1.194509809478628,-0.5245228244321093,-1.2069602261090813,-0.2877740230693881,-1.2712110184766539,-0.787832562226356,-0.31512115631777593,-0.610921429968791,-1,-1.2236643728386054,24.820924,-76.263468
1,Montreal,3,zero,60,3.1,35,5.6,NA,NA,NA,36,5.8533333333333335,0.11566666666666667,0.903,0.01766,135.1298963087574,11.633159951330903,0,2.474895509406321,-2.4064789070070094,5.75,0.6026210474790317,0,-0.5064667251178822,-4.891386666278263,11.615923521561974,0.8517520853745256,-1.194509809478628,-0.5245228244321093,-1.2069602261090813,0.6649383421330819,-1.5555731594751108,-0.787832562226356,-0.31512115631777593,-0.610921429968791,-1,-1.2236643728386054,24.820924,-76.263468
1,New2,1,natural,60,0.33333333333333337,151.33333333333334,11.74,NA,NA,NA,116,12.246666666666668,1.0013333333333334,3.138,0.01734,10224.709651238794,121.40904032796087,1.4676365291916003,4.801200234148909,0.44325443140878557,16.75,0.11874081951388352,0.11874081951388352,-2.130812148412679,-2.069476798939363,84.21703708075529,-0.649010855540844,0.42051063771605096,0.6232210613779632,0.4124695081898136,-1.049943915231364,0.008418616016401922,1.0793453603746819,0.5063361556138913,0.8812158529687253,0,1.2236643728386054,24.820817,-76.263267
1,New2,2,natural,60,2.6666666666666665,140,14.206666666666667,NA,NA,NA,92.66666666666667,10.55,0.6413333333333333,1.097,0.016040000000000002,10224.709651238794,121.40904032796087,1.4676365291916003,4.801200234148909,0.44325443140878557,15.75,0.11874081951388352,0.11874081951388352,-2.130812148412679,-2.069476798939363,84.21703708075529,-0.649010855540844,0.42051063771605096,0.6232210613779632,0.4124695081898136,-0.6688589691503762,-0.1337624544828265,1.0793453603746819,0.5063361556138913,0.8812158529687253,0,1.2236643728386054,24.820817,-76.263267
1,New2,3,natural,60,4.166666666666667,57,10.433333333333334,NA,NA,NA,50.666666666666664,8.966666666666667,0.5396666666666667,1.3996666666666666,0.01727,10224.709651238794,121.40904032796087,1.4676365291916003,4.801200234148909,0.44325443140878557,16.875,0.11874081951388352,0.11874081951388352,-2.130812148412679,-2.069476798939363,84.21703708075529,-0.649010855540844,0.42051063771605096,0.6232210613779632,0.4124695081898136,0.2838533960520941,0.026191249828805475,1.0793453603746819,0.5063361556138913,0.8812158529687253,0,1.2236643728386054,24.820817,-76.263267
1,Shit'sCreek,1,half,60,0.06666666666666667,284.6666666666667,23.88,NA,NA,NA,217,19.94,1.1946666666666665,2.0766666666666667,0.015449999999999998,1802.3493622750036,45.326309068971305,1.4787293901174619,3.8193289255656953,0.4503501907702322,NA,0.17603921310922166,0.10059383606241237,-1.7370485070036694,-2.2246538184050566,39.76386781311573,-0.2852053052978021,0.33170055123084563,0.13878891493875709,0.41650184466931883,-1.049943915231364,NA,-0.06391501370360492,0.04955450032769274,-0.00502097380180785,-0.5,0,24.81291,-76.24256
1,Shit'sCreek,2,half,60,1.5333333333333334,250.66666666666666,12.593333333333334,NA,NA,NA,210,11.94,0.7113333333333333,5.234666666666667,0.0171,1802.3493622750036,45.326309068971305,1.4787293901174619,3.8193289255656953,0.4503501907702322,NA,0.17603921310922166,0.10059383606241237,-1.7370485070036694,-2.2246538184050566,39.76386781311573,-0.2852053052978021,0.33170055123084563,0.13878891493875709,0.41650184466931883,0.2838533960520941,NA,-0.06391501370360492,0.04955450032769274,-0.00502097380180785,-0.5,0,24.81291,-76.24256
1,Shit'sCreek,3,half,60,3.0333333333333337,160,8.293333333333333,NA,NA,NA,135,7.626666666666667,0.5003333333333333,3.5193333333333334,0.01724,1802.3493622750036,45.326309068971305,1.4787293901174619,3.8193289255656953,0.4503501907702322,NA,0.17603921310922166,0.10059383606241237,-1.7370485070036694,-2.2246538184050566,39.76386781311573,-0.2852053052978021,0.33170055123084563,0.13878891493875709,0.41650184466931883,1.2365657612545642,NA,-0.06391501370360492,0.04955450032769274,-0.00502097380180785,-0.5,0,24.81291,-76.24256
1,Vancouver,1,half,60,0.13333333333333333,186,22.94,NA,NA,NA,215,22.906666666666666,1.7323333333333333,3.114666666666667,0.02165,4054.3732080874265,60.904876503837244,0.18026424320981924,4.113365547577188,-1.3078664585370985,20.75,0.04506606080245481,0.015022020267484936,-3.0996258478642624,-3.792773478152654,66.5689422723316,-1.5441158473343184,-0.565757352528695,0.2838596494510988,-0.5826471924860385,-0.9864297575511995,0.5771428980133156,0.6254661925931561,-0.542102293058835,0.015238134178029815,-0.5,0,24.88526,-76.260322
1,Vancouver,2,half,60,2.7,197.66666666666666,14.286666666666667,NA,NA,NA,207.66666666666666,16.14666666666667,1.3833333333333333,6.900333333333333,0.01725,4054.3732080874265,60.904876503837244,0.18026424320981924,4.113365547577188,-1.3078664585370985,30.625,0.04506606080245481,0.015022020267484936,-3.0996258478642624,-3.792773478152654,66.5689422723316,-1.5441158473343184,-0.565757352528695,0.2838596494510988,-0.5826471924860385,0.41088171141242325,1.9811809691931963,0.6254661925931561,-0.542102293058835,0.015238134178029815,-0.5,0,24.88526,-76.260322
1,Vancouver,3,half,60,4.199999999999999,26,8.68,NA,NA,NA,40,9.073333333333334,0.10966666666666668,1.758,0.019299999999999998,4054.3732080874265,60.904876503837244,0.18026424320981924,4.113365547577188,-1.3078664585370985,21.75,0.04506606080245481,0.015022020267484936,-3.0996258478642624,-3.792773478152654,66.5689422723316,-1.5441158473343184,-0.565757352528695,0.2838596494510988,-0.5826471924860385,1.3635940766148933,0.719323968512544,0.6254661925931561,-0.542102293058835,0.015238134178029815,-0.5,0,24.88526,-76.260322
2,119,1,natural,120,0.06666666666666667,180.33333333333334,11.093333333333334,0.649,1.32,0.01693,278,9.526666666666667,0.8676666666666667,5.181,0.01645,5457.3541853059305,185.50569133762568,3.1000588335541686,5.224417818259767,1.1600807687843235,14.125,0.2379431122245524,0.2379431122245524,-1.4357236581481019,-1.4046452648007277,29.418796512142528,-0.006805674373185967,0.8010034854859313,0.832026635885962,0.8198233715936959,-1.049943915231364,-0.3648066940440727,-0.32997276122233854,-0.22913233368359362,-0.31347938785045387,0,1.2236643728386054,24.823233,-76.273583
2,119,2,natural,120,1.3333333333333335,297.3333333333333,8.9,0.421,3.623,0.01609,252,8.16,0.5526666666666666,7.875666666666667,0.01472,5457.3541853059305,185.50569133762568,3.1000588335541686,5.224417818259767,1.1600807687843235,13.625,0.2379431122245524,0.2379431122245524,-1.4357236581481019,-1.4046452648007277,29.418796512142528,-0.006805674373185967,0.8010034854859313,0.832026635885962,0.8198233715936959,-0.5418306537900468,-0.4358972292936869,-0.32997276122233854,-0.22913233368359362,-0.31347938785045387,0,1.2236643728386054,24.823233,-76.273583
2,119,3,natural,120,2.8333333333333335,121,9.826666666666666,0.068,2.839,0.01665,131.66666666666666,9,0.39333333333333337,5.233,0.016819999999999998,5457.3541853059305,185.50569133762568,3.1000588335541686,5.224417818259767,1.1600807687843235,11.375,0.2379431122245524,0.2379431122245524,-1.4357236581481019,-1.4046452648007277,29.418796512142528,-0.006805674373185967,0.8010034854859313,0.832026635885962,0.8198233715936959,0.41088171141242325,-0.75580463791695085,-0.32997276122233854,-0.22913233368359362,-0.31347938785045387,0,1.2236643728386054,24.823233,-76.273583
2,74Tall,1,half,120,0,252,13.046666666666667,0.592,4.474,0.01722,229,8.893333333333334,0.4663333333333333,2.886,0.016819999999999998,856.5379707188599,35.39717701040619,5.455014868111714,3.573594372201872,1.7129231250699737,10.75,0.8678432744723182,0.4545845723426429,-0.1417441399882799,-0.771983542751814,24.197917547691777,1.1887260637091936,1.163085077492953,0.017549281903662863,1.133989380770733,-1.1134580729115289,-0.8446678069789686,-0.4642449433018406,-0.3914256114700662,-0.48198581289645687,-0.5,0,24.85711003,-76.25735301
2,74Tall,2,half,120,1.5333333333333332,230.33333333333334,9.22,0.37,4.857,0.01735,237.33333333333334,7.1866666666666665,0.6073333333333333,4.505,0.01694,856.5379707188599,35.39717701040619,5.455014868111714,3.573594372201872,1.7129231250699737,6.25,0.8678432744723182,0.4545845723426429,-0.1417441399882799,-0.771983542751814,24.197917547691777,1.1887260637091936,1.163085077492953,0.017549281903662863,1.133989380770733,-0.03371739234872943,-1.4844826242254965,-0.4642449433018406,-0.3914256114700662,-0.48198581289645687,-0.5,0,24.85711003,-76.25735301
2,74Tall,3,half,120,3.066666666666667,62.666666666666664,5.915555555555556,0.154,2.808,0.016200000000000003,51,6.46,0.198,1.834,0.01629,856.5379707188599,35.39717701040619,5.455014868111714,3.573594372201872,1.7129231250699737,4.125,0.8678432744723182,0.4545845723426429,-0.1417441399882799,-0.771983542751814,24.197917547691777,1.1887260637091936,1.163085077492953,0.017549281903662863,1.133989380770733,0.9825091305339053,-1.786617399036357,-0.4642449433018406,-0.3914256114700662,-0.48198581289645687,-0.5,0,24.85711003,-76.25735301
2,76S,1,natural,120,0,221.33333333333334,19.21333333333333,0.322,1.586,0.01641,247.66666666666666,17.906666666666666,1.3903333333333334,4.465,0.015029999999999998,19.956576940447356,1.0715794642893455,8.37650649848323,0.276786807237908,2.1361335702111104,22.25,0.698042208206936,0.698042208206936,-0.3594757078375041,-0.34877309138795276,18.623515665898136,0.9875598195043656,1.4052946322097621,-1.6090178161786752,1.3744889283910127,-1.1134580729115289,0.7904145037621583,-0.6076091372532814,-0.596539121302373,-0.680776244378879,0,1.2236643728386054,24.85207502,-76.25828097
2,76S,2,natural,120,1.2,281.3333333333333,17.5,1.461,11.663,0.01594,215.33333333333334,11.726666666666667,1.9,4.699333333333334,0.01555,19.956576940447356,1.0715794642893455,8.37650649848323,0.276786807237908,2.1361335702111104,17.625,0.698042208206936,0.698042208206936,-0.3594757078375041,-0.34877309138795276,18.623515665898136,0.9875598195043656,1.4052946322097621,-1.6090178161786752,1.3744889283910127,-0.09723155002889403,0.13282705270322678,-0.6076091372532814,-0.596539121302373,-0.680776244378879,0,1.2236643728386054,24.85207502,-76.25828097
2,76S,3,natural,120,2.7333333333333334,129.33333333333334,13.553333333333333,0.346,9.076,0.0159,132.66666666666666,9.873333333333333,1.0086666666666666,5.328,0.016659999999999998,19.956576940447356,1.0715794642893455,8.37650649848323,0.276786807237908,2.1361335702111104,12.5,0.698042208206936,0.698042208206936,-0.3594757078375041,-0.34877309138795276,18.623515665898136,0.9875598195043656,1.4052946322097621,-1.6090178161786752,1.3744889283910127,0.9189949728537409,-0.5958509336053188,-0.6076091372532814,-0.596539121302373,-0.680776244378879,0,1.2236643728386054,24.85207502,-76.25828097
2,78S,1,natural,120,0,211.66666666666666,16.573333333333334,2.438,6.956,0.01686,189,11.146666666666667,0.746,1.9476666666666667,0.01776,0,0,15.672366570694104,-1.397130055791962,2.7576336169575915,24.75,1.2765712118986425,1.2765712118986425,0.2441777429813232,0.2500442311765116,10.18352903373492,1.5452864675143552,1.7480065775023212,-2.4348889174418593,1.7276713268988386,-1.1134580729115289,1.1458671800102294,-0.8246713272674112,0.09094413995893554,-0.389977074534518,0,1.2236643728386054,24.85274599,-76.24708501
2,78S,2,natural,120,1.8,154.33333333333334,14.013333333333332,0.818,3.952,0.01764,217.33333333333334,12.440000000000001,0.8525,4.4495000000000005,0.017390000000000003,0,0,15.672366570694104,-1.397130055791962,2.7576336169575915,34.375,1.2765712118986425,1.2765712118986425,0.2441777429813232,0.2500442311765116,10.18352903373492,1.5452864675143552,1.7480065775023212,-2.4348889174418593,1.7276713268988386,-0.3512881807495528,2.5143599835653028,-0.8246713272674112,0.09094413995893554,-0.389977074534518,0,1.2236643728386054,24.85274599,-76.24708501
2,78S,3,natural,120,3.3333333333333335,93.66666666666667,10.933333333333334,0.666,5.458,0.01598,70.66666666666667,7.72,0.6776666666666668,3.6163333333333334,0.01753,0,0,15.672366570694104,-1.397130055791962,2.7576336169575915,28,1.2765712118986425,1.2765712118986425,0.2441777429813232,0.2500442311765116,10.18352903373492,1.5452864675143552,1.7480065775023212,-2.4348889174418593,1.7276713268988386,0.6014241844529175,1.6079556591327218,-0.8246713272674112,0.09094413995893554,-0.389977074534518,0,1.2236643728386054,24.85274599,-76.24708501
2,85,1,natural,120,0,349,17.446666666666665,1.152,5.319,0.01869,287,12.406666666666666,0.948,4.585,0.01694,2162.2102922982067,55.82268948350483,2.261605920651402,4.026600824234112,0.855154638055059,27.25,0.18072193429862804,0.18072193429862804,-1.7107957035893413,-1.6700750708676568,38.73353850027457,-0.2609498520584022,0.6490941105429056,0.24105198128026756,0.6465417398666388,-1.1134580729115289,1.5013198562583003,-0.09041334205744195,-0.004812656207342594,-0.051521079719641406,0,1.2236643728386054,24.83654201,-76.24768498
2,85,2,natural,120,1.5333333333333332,302.3333333333333,13.1,0.727,7.802,0.01717,239.66666666666666,9.693333333333333,0.6756666666666666,7.718666666666667,0.01699,2162.2102922982067,55.82268948350483,2.261605920651402,4.026600824234112,0.855154638055059,19,0.18072193429862804,0.18072193429862804,-1.7107957035893413,-1.6700750708676568,38.73353850027457,-0.2609498520584022,0.6490941105429056,0.24105198128026756,0.6465417398666388,-0.2877740230693881,0.32832602463966587,-0.09041334205744195,-0.004812656207342594,-0.051521079719641406,0,1.2236643728386054,24.83654201,-76.24768498
2,85,3,natural,120,3.1,109,9.913333333333334,0.259,1.977,0.01642,113.66666666666667,7.806666666666667,0.2613333333333333,2.1166666666666667,0.01695,2162.2102922982067,55.82268948350483,2.261605920651402,4.026600824234112,0.855154638055059,28,0.18072193429862804,0.18072193429862804,-1.7107957035893413,-1.6700750708676568,38.73353850027457,-0.2609498520584022,0.6490941105429056,0.24105198128026756,0.6465417398666388,0.7919666574934113,1.6079556591327218,-0.09041334205744195,-0.004812656207342594,-0.051521079719641406,0,1.2236643728386054,24.83654201,-76.24768498
2,96,1,half,120,0,310.3333333333333,18.866666666666667,2.113,6.361,0.01592,345,17.453333333333333,2.302,5.288333333333333,0.01609,8.626515319739022,0.4946114368676721,0.6880341623959032,-0.298517717431412,-0.2508150727563273,NA,0.11467236039931719,0.057336180199658596,-2.1656762568643915,-2.7357218510515775,17.440994438725347,-0.6812224536295396,0.039208812857203394,-1.8928595002216573,0.018047764385560192,-1.1134580729115289,NA,-0.6380215843927306,-0.6878926654912725,-0.751314073848646,-0.5,0,24.86374003,-76.25775299
2,96,2,half,120,1,293.3333333333333,14.026666666666667,1.234,10.473,0.01598,281.3333333333333,10.746666666666666,1.8559999999999999,9.318333333333333,0.01546,8.626515319739022,0.4946114368676721,0.6880341623959032,-0.298517717431412,-0.2508150727563273,NA,0.11467236039931719,0.057336180199658596,-2.1656762568643915,-2.7357218510515775,17.440994438725347,-0.6812224536295396,0.039208812857203394,-1.8928595002216573,0.018047764385560192,-0.3512881807495528,NA,-0.6380215843927306,-0.6878926654912725,-0.751314073848646,-0.5,0,24.86374003,-76.25775299
2,96,3,half,120,2.5,109.33333333333333,10.433333333333334,0.146,1.057,0.01671,143,7.546666666666667,1.0203333333333333,4.015333333333333,0.01631,8.626515319739022,0.4946114368676721,0.6880341623959032,-0.298517717431412,-0.2508150727563273,NA,0.11467236039931719,0.057336180199658596,-2.1656762568643915,-2.7357218510515775,17.440994438725347,-0.6812224536295396,0.039208812857203394,-1.8928595002216573,0.018047764385560192,0.6014241844529175,NA,-0.6380215843927306,-0.6878926654912725,-0.751314073848646,-0.5,0,24.86374003,-76.25775299
2,Biscuit,1,zero,120,0.13333333333333333,194,16.113333333333333,0.721,4.539,0.01914,254.33333333333334,14.433333333333334,0.9696666666666667,6.022333333333333,0.02023,2281.760573025883,56.51499726796713,0,4.038872425252524,-2.4064789070070094,24,0.27244969401992847,0,-1.300301291022376,-4.891386666278263,40.37442596355201,0.11831356876235528,-1.194509809478628,0.24710649979977994,-1.2069602261090813,-0.9864297575511995,1.039231377135808,-0.048212490104855246,-0.4273947921797895,-0.2793727003542179,-1,-1.2236643728386054,24.851367,-76.26735002
2,Biscuit,2,zero,120,1.7333333333333334,216.33333333333334,12.84,0.279,6.636,0.01737,175.33333333333334,8.08,0.42433333333333334,3.7756666666666665,0.01728,2281.760573025883,56.51499726796713,0,4.038872425252524,-2.4064789070070094,14.625,0.27244969401992847,0,-1.300301291022376,-4.891386666278263,40.37442596355201,0.11831356876235528,-1.194509809478628,0.24710649979977994,-1.2069602261090813,0.6649383421330819,-0.29371615879445845,-0.048212490104855246,-0.4273947921797895,-0.2793727003542179,-1,-1.2236643728386054,24.851367,-76.26735002
2,Biscuit,3,zero,120,3.3,35.333333333333336,8.64,0.077,0.563,0.01737,103,8.786666666666667,0.3536666666666667,2.5073333333333334,0.01787,2281.760573025883,56.51499726796713,0,4.038872425252524,-2.4064789070070094,4,0.27244969401992847,0,-1.300301291022376,-4.891386666278263,40.37442596355201,0.11831356876235528,-1.194509809478628,0.24710649979977994,-1.2069602261090813,1.7446790226958817,-1.8043900328487605,-0.048212490104855246,-0.4273947921797895,-0.2793727003542179,-1,-1.2236643728386054,24.851367,-76.26735002
2,CT15,1,zero,120,0.03333333333333333,205.66666666666666,23.28,1.217,2.744,0.01661,202.33333333333334,20.1,2.033333333333333,9.100333333333333,0.01641,7399.023888695108,346.49652071938436,0,5.8485862549106615,-2.4064789070070094,13.875,0.327810219499568,0,-1.115320437137723,-4.891386666278263,21.35381871463963,0.28922081934324667,-1.194509809478628,1.1399766216561906,-1.2069602261090813,-1.1134580729115289,-0.40035196166887976,-0.5373903578889133,0.6774127134522859,0.11240253460335353,-1,-1.2236643728386054,24.883417,-76.258817
2,CT15,2,zero,120,1.5666666666666669,186,14.173333333333334,0.642,4.006,0.019030000000000002,228.33333333333334,11.153333333333332,1.2306666666666666,4.244666666666667,0.016819999999999998,7399.023888695108,346.49652071938436,0,5.8485862549106615,-2.4064789070070094,7.625,0.327810219499568,0,-1.115320437137723,-4.891386666278263,21.35381871463963,0.28922081934324667,-1.194509809478628,1.1399766216561906,-1.2069602261090813,-0.5418306537900468,-1.2889836522890574,-0.5373903578889133,0.6774127134522859,0.11240253460335353,-1,-1.2236643728386054,24.883417,-76.258817
2,CT15,3,zero,120,3.1,97.66666666666667,10.84,0.366,3.432,0.01899,84,8.78,0.477,2.688,0.01857,7399.023888695108,346.49652071938436,0,5.8485862549106615,-2.4064789070070094,5.375,0.327810219499568,0,-1.115320437137723,-4.891386666278263,21.35381871463963,0.28922081934324667,-1.194509809478628,1.1399766216561906,-1.2069602261090813,0.41088171141242325,-1.6088910609123213,-0.5373903578889133,0.6774127134522859,0.11240253460335353,-1,-1.2236643728386054,24.883417,-76.258817
2,Check3,1,zero,120,0.16666666666666666,274.6666666666667,16.753333333333334,1.288,5.111,0.01776,269,11.26,0.8663333333333333,6.07,0.01789,1746.0336731554116,127.88544758420342,0,4.853066861499494,-2.4064789070070094,16.875,0.4394604166588277,0,-0.8222076303979884,-4.891386666278263,13.653106793138237,0.5600331918559913,-1.194509809478628,0.6488108320499076,-1.2069602261090813,-1.1134580729115289,0.026191249828805475,-0.7354396519457438,-0.47386117697060465,-0.6768433995997588,-1,-1.2236643728386054,24.831183,-76.257383
2,Check3,2,zero,120,1.2333333333333334,151.33333333333334,10.52,0.227,2.159,0.01931,214.66666666666666,9.66,0.7496666666666667,3.7733333333333334,0.01804,1746.0336731554116,127.88544758420342,0,4.853066861499494,-2.4064789070070094,15.875,0.4394604166588277,0,-0.8222076303979884,-4.891386666278263,13.653106793138237,0.5600331918559913,-1.194509809478628,0.6488108320499076,-1.2069602261090813,-0.6688589691503762,-0.11598982067042295,-0.7354396519457438,-0.47386117697060465,-0.6768433995997588,-1,-1.2236643728386054,24.831183,-76.257383
2,Check3,3,zero,120,2.7333333333333334,64.33333333333333,10.953333333333333,0.15,2.311,0.01869,84.33333333333333,7.7,0.21266666666666667,2.6443333333333334,0.01865,1746.0336731554116,127.88544758420342,0,4.853066861499494,-2.4064789070070094,10.25,0.4394604166588277,0,-0.8222076303979884,-4.891386666278263,13.653106793138237,0.5600331918559913,-1.194509809478628,0.6488108320499076,-1.2069602261090813,0.2838533960520941,-0.9157583422285828,-0.7354396519457438,-0.47386117697060465,-0.6768433995997588,-1,-1.2236643728386054,24.831183,-76.257383
2,Check5,1,half,120,0,257.6666666666667,17.18,0.975,3.93,0.01803,205,16.2,1.0433333333333334,4.26,0.01776,4311.403665460886,169.41430996963138,2.970661721218116,5.133805957319224,1.118674301019808,17.75,0.4715336065425581,0.23576680327127905,-0.7517649036425628,-1.4135512652851705,25.448875400394062,0.6251165369717944,0.7959064506544593,0.7873208807584219,0.7962931471385818,-1.1134580729115289,0.15059968651563035,-0.43207242183265254,-0.30977036910475936,-0.4162511215883045,-0.5,0,24.846717,-76.250533
2,Check5,2,half,120,2.1666666666666665,245.66666666666666,13.506666666666666,0.989,4.2,0.01807,255,7.5,0.766,5.822,0.01685,4311.403665460886,169.41430996963138,2.970661721218116,5.133805957319224,1.118674301019808,16.75,0.4715336065425581,0.23576680327127905,-0.7517649036425628,-1.4135512652851705,25.448875400394062,0.6251165369717944,0.7959064506544593,0.7873208807584219,0.7962931471385818,0.3473675537322585,0.008418616016401922,-0.43207242183265254,-0.30977036910475936,-0.4162511215883045,-0.5,0,24.846717,-76.250533
2,Check5,3,half,120,3.6666666666666665,148,10.493333333333334,0.537,7.638,0.01755,158,6.153333333333333,0.38833333333333336,3.0103333333333335,0.01705,4311.403665460886,169.41430996963138,2.970661721218116,5.133805957319224,1.118674301019808,22.875,0.4715336065425581,0.23576680327127905,-0.7517649036425628,-1.4135512652851705,25.448875400394062,0.6251165369717944,0.7959064506544593,0.7873208807584219,0.7962931471385818,1.3000799189347287,0.879277672824176,-0.43207242183265254,-0.30977036910475936,-0.4162511215883045,-0.5,0,24.846717,-76.250533
2,Damsel,1,natural,120,0,267,12.893333333333333,1.369,6.101,0.01729,247.66666666666666,9.266666666666666,1.0653333333333332,3.911,0.01727,16740.67934404415,752.9872609829126,6.800899265842609,6.624376688829932,1.9302207640760178,15,0.5397539099875087,0.5397539099875087,-0.616641965542113,-0.6028222976556399,22.232354000506845,0.7499591320630683,1.2598985416171145,1.522733324907658,1.2574740075796962,-1.1134580729115289,-0.24039825735724782,-0.5147959153304006,0.02543415484401576,-0.2620219145639818,0,1.2236643728386054,24.820622,-76.255838
2,Damsel,2,natural,120,1.7,192.66666666666666,13.333333333333334,0.298,1.472,0.01799,187,8.14,0.6133333333333333,4.7636666666666665,0.01812,16740.67934404415,752.9872609829126,6.800899265842609,6.624376688829932,1.9302207640760178,11.75,0.5397539099875087,0.5397539099875087,-0.616641965542113,-0.6028222976556399,22.232354000506845,0.7499591320630683,1.2598985416171145,1.522733324907658,1.2574740075796962,-0.03371739234872943,-0.7024867364797401,-0.5147959153304006,0.02543415484401576,-0.2620219145639818,0,1.2236643728386054,24.820622,-76.255838
2,Damsel,3,natural,120,3.2333333333333334,93.33333333333333,11,0.309,1.661,0.017150000000000002,132.33333333333334,7.473333333333333,0.5153333333333333,3.307,0.01694,16740.67934404415,752.9872609829126,6.800899265842609,6.624376688829932,1.9302207640760178,11,0.5397539099875087,0.5397539099875087,-0.616641965542113,-0.6028222976556399,22.232354000506845,0.7499591320630683,1.2598985416171145,1.522733324907658,1.2574740075796962,0.9189949728537409,-0.8091225393541615,-0.5147959153304006,0.02543415484401576,-0.2620219145639818,0,1.2236643728386054,24.820622,-76.255838
2,E1,1,half,120,0,351.6666666666667,14.046666666666667,2.177,7.542,0.01857,344.6666666666667,9.713333333333333,1.1283333333333334,4.1306666666666665,0.01944,19122.717035691676,159.791169990522,0.6618024331808344,5.075414259390576,-0.2851060157623523,9,0.1086291872645309,0.05013654796824503,-2.2198151482497193,-2.8534075662463,119.67317741540998,-0.7312423820808026,-0.028144449761861024,0.7585117941555953,-0.0014388914262346152,-1.1134580729115289,-1.0934846803526184,1.9912173580339836,4.1370914530157625,3.524888985595452,-0.5,0,24.81238897,-76.26444602
2,E1,2,half,120,3.3,260.6666666666667,13.352222222222222,1.339,3.89,0.0175,210.66666666666666,7.266666666666667,1.053,3.9643333333333337,0.018680000000000002,19122.717035691676,159.791169990522,0.6618024331808344,5.075414259390576,-0.2851060157623523,14.75,0.1086291872645309,0.05013654796824503,-2.2198151482497193,-2.8534075662463,119.67317741540998,-0.7312423820808026,-0.028144449761861024,0.7585117941555953,-0.0014388914262346152,-0.16074570770905874,-0.27594352498205493,1.9912173580339836,4.1370914530157625,3.524888985595452,-0.5,0,24.81238897,-76.26444602
2,E1,3,half,120,4.8,102.66666666666667,10.176666666666668,0.662,5.969,0.018420000000000002,110.33333333333333,8.766666666666666,0.5693333333333334,2.0389999999999997,0.01838,19122.717035691676,159.791169990522,0.6618024331808344,5.075414259390576,-0.2851060157623523,10.25,0.1086291872645309,0.05013654796824503,-2.2198151482497193,-2.8534075662463,119.67317741540998,-0.7312423820808026,-0.028144449761861024,0.7585117941555953,-0.0014388914262346152,0.7919666574934113,-0.9157583422285828,1.9912173580339836,4.1370914530157625,3.524888985595452,-0.5,0,24.81238897,-76.26444602
2,E2,1,zero,120,0.2,273.6666666666667,17.133333333333333,1.341,3.3,0.01847,193.66666666666666,12.393333333333334,0.5796666666666667,1.7686666666666668,0.01799,19583.787379399324,114.93098934381707,0,4.746481319432217,-2.4064789070070094,17.25,0.02347472163933231,0,-3.7518311117075367,-4.891386666278263,170.39605672247586,-2.146700418207503,-1.194509809478628,0.5962240393901429,-1.2069602261090813,-1.1134580729115289,0.07950915126601613,3.295724076594056,0.39220460752513614,2.0065685406725753,-1,-1.2236643728386054,24.81435,-76.266
2,E2,2,zero,120,4,258.3333333333333,10.81,0.661,7.613,0.01706,200.66666666666666,9.26,0.6423333333333333,4.966333333333333,0.01661,19583.787379399324,114.93098934381707,0,4.746481319432217,-2.4064789070070094,16.375,0.02347472163933231,0,-3.7518311117075367,-4.891386666278263,170.39605672247586,-2.146700418207503,-1.194509809478628,0.5962240393901429,-1.2069602261090813,0.9189949728537409,-0.04489928542080873,3.295724076594056,0.39220460752513614,2.0065685406725753,-1,-1.2236643728386054,24.81435,-76.266
2,E2,3,zero,120,5.533333333333333,179.33333333333334,9.194444444444445,0.5,2.405,0.01683,137.33333333333334,8.113333333333333,0.507,3.441,0.01758,19583.787379399324,114.93098934381707,0,4.746481319432217,-2.4064789070070094,15,0.02347472163933231,0,-3.7518311117075367,-4.891386666278263,170.39605672247586,-2.146700418207503,-1.194509809478628,0.5962240393901429,-1.2069602261090813,1.9352214957363756,-0.24039825735724782,3.295724076594056,0.39220460752513614,2.0065685406725753,-1,-1.2236643728386054,24.81435,-76.266
2,F5Small,1,zero,120,0,196.33333333333334,20.573333333333334,0.971,6.081,0.019710000000000002,197.66666666666666,13.153333333333334,2.0746666666666664,3.6189999999999998,0.01755,393.5481040862713,58.87465869674385,0,4.079602503367091,-2.4064789070070094,22.375,0.44879895051282753,0,-0.8011802632059133,-4.891386666278263,6.6845076098596055,0.5794607674038549,-1.194509809478628,0.26720175973170174,-1.2069602261090813,-1.1134580729115289,0.8081871375745617,-0.9146602438704781,-0.7206662371709998,-0.9196552533156945,-1,-1.2236643728386054,24.82288303,-76.24753
2,F5Small,2,zero,120,0.5666666666666667,183.33333333333334,13.293333333333333,0.461,4.427,0.0197,120,9.56,1.115,2.5813333333333333,0.01858,393.5481040862713,58.87465869674385,0,4.079602503367091,-2.4064789070070094,17.75,0.44879895051282753,0,-0.8011802632059133,-4.891386666278263,6.6845076098596055,0.5794607674038549,-1.194509809478628,0.26720175973170174,-1.2069602261090813,-0.7323731268305409,0.15059968651563035,-0.9146602438704781,-0.7206662371709998,-0.9196552533156945,-1,-1.2236643728386054,24.82288303,-76.24753
2,F5Small,3,zero,120,2,69.33333333333333,11.266666666666667,0.211,2.597,0.0176,74.66666666666667,8.553333333333333,0.5813333333333334,1.7736666666666667,0.019110000000000002,393.5481040862713,58.87465869674385,0,4.079602503367091,-2.4064789070070094,21.625,0.44879895051282753,0,-0.8011802632059133,-4.891386666278263,6.6845076098596055,0.5794607674038549,-1.194509809478628,0.26720175973170174,-1.2069602261090813,0.22033923837192934,0.7015513347001404,-0.9146602438704781,-0.7206662371709998,-0.9196552533156945,-1,-1.2236643728386054,24.82288303,-76.24753
2,FFA,1,zero,120,0.1,162.66666666666666,16.073333333333334,0.893,3.015,0.01859,315,11.173333333333334,1.2189999999999999,4.672666666666667,0.01776,612.8252909065166,17.165570129914986,0,2.8572099227877104,-2.4064789070070094,27.625,0.3921476241023302,0,-0.9361169179868996,-4.891386666278263,35.70084105965851,0.4547902829353291,-1.194509809478628,-0.33589790966987476,-1.2069602261090813,-1.049943915231364,1.554637757695511,-0.16840919404158747,-0.44121765914674926,-0.35226803341707097,-1,-1.2236643728386054,24.851025,-76.244734
2,FFA,2,zero,120,1.3,223,14.34,0.739,5.792,0.01839,252,8.44,0.709,2.2963333333333336,0.01825,612.8252909065166,17.165570129914986,0,2.8572099227877104,-2.4064789070070094,24.375,0.3921476241023302,0,-0.9361169179868996,-4.891386666278263,35.70084105965851,0.4547902829353291,-1.194509809478628,-0.33589790966987476,-1.2069602261090813,-0.5418306537900468,1.0925492785730186,-0.16840919404158747,-0.44121765914674926,-0.35226803341707097,-1,-1.2236643728386054,24.851025,-76.244734
2,FFA,3,zero,120,2.8,62,9.666666666666666,0.026,2.289,0.017490000000000002,66,8.213333333333333,0.22133333333333333,1.5126666666666666,0.01799,612.8252909065166,17.165570129914986,0,2.8572099227877104,-2.4064789070070094,26.25,0.3921476241023302,0,-0.9361169179868996,-4.891386666278263,35.70084105965851,0.4547902829353291,-1.194509809478628,-0.33589790966987476,-1.2069602261090813,0.41088171141242325,1.359138785759072,-0.16840919404158747,-0.44121765914674926,-0.35226803341707097,-1,-1.2236643728386054,24.851025,-76.244734
2,Josh,1,half,120,0.16666666666666666,198.33333333333334,14.933333333333334,0.859,3.389,0.01818,234.66666666666666,9.606666666666667,0.902,3.7466666666666666,0.01712,123.20076136376493,2.6103735137471427,2.6188325683029454,1.05000983169208,0.9965665206786463,26,0.4237593152593763,0.21187965762968816,-0.8585896376161153,-1.5169013134984517,47.19660259918609,0.5264191788720234,0.7367577007192228,-1.2275278122055076,0.7269024544698971,-0.9864297575511995,1.3235935181342648,0.1272423613934601,-0.21345619927045884,-0.0580758210181752,-0.5,0,24.844133,-76.24934703
2,Josh,2,half,120,2.6,287.3333333333333,9.686666666666666,0.808,5.999,0.016659999999999998,263,7.633333333333334,0.839,4.9830000000000005,0.01595,123.20076136376493,2.6103735137471427,2.6188325683029454,1.05000983169208,0.9965665206786463,19.25,0.4237593152593763,0.21187965762968816,-0.8585896376161153,-1.5169013134984517,47.19660259918609,0.5264191788720234,0.7367577007192228,-1.2275278122055076,0.7269024544698971,0.9825091305339053,0.36387129226447296,0.1272423613934601,-0.21345619927045884,-0.0580758210181752,-0.5,0,24.844133,-76.24934703
2,Josh,3,half,120,4.1,110,10.253333333333334,0.409,2.895,0.01538,123.33333333333333,6.593333333333334,0.421,3.412333333333333,0.01547,123.20076136376493,2.6103735137471427,2.6188325683029454,1.05000983169208,0.9965665206786463,18.5,0.4237593152593763,0.21187965762968816,-0.8585896376161153,-1.5169013134984517,47.19660259918609,0.5264191788720234,0.7367577007192228,-1.2275278122055076,0.7269024544698971,1.9352214957363756,0.25723548939005164,0.1272423613934601,-0.21345619927045884,-0.0580758210181752,-0.5,0,24.844133,-76.24934703
2,LS02,1,natural,120,0,350.3333333333333,18.446666666666665,0.488,1.671,0.01816,318,13.360000000000001,1.8326666666666667,6.402666666666667,0.017589999999999998,1269.796451596079,29.022267357004274,0.35655113872792993,3.3765485142292633,-0.8059055737638443,16,0.022855842226149354,0.022855842226149354,-3.7785485170286037,-3.494403982078894,43.752489630677474,-2.1713851257877055,-0.39499610938781904,-0.07966849713742409,-0.29739580727794535,-1.1134580729115289,-0.09821718685801939,0.038665597450300106,-0.5255854533630994,-0.2908297271617392,0,1.2236643728386054,24.841433,-76.276583
2,LS02,2,natural,120,1.0666666666666667,191.33333333333334,11.726666666666667,0.488,2.712,0.01781,279.6666666666667,10,0.9276666666666666,10.445666666666668,0.01796,1269.796451596079,29.022267357004274,0.35655113872792993,3.3765485142292633,-0.8059055737638443,12.125,0.022855842226149354,0.022855842226149354,-3.7785485170286037,-3.494403982078894,43.752489630677474,-2.1713851257877055,-0.39499610938781904,-0.07966849713742409,-0.29739580727794535,-0.7323731268305409,-0.6491688350425295,0.038665597450300106,-0.5255854533630994,-0.2908297271617392,0,1.2236643728386054,24.841433,-76.276583
2,LS02,3,natural,120,2.566666666666667,96.33333333333333,8.68,0.188,3.082,0.015600000000000001,107,7.8533333333333335,0.28300000000000003,3.089,0.0173,1269.796451596079,29.022267357004274,0.35655113872792993,3.3765485142292633,-0.8059055737638443,9.75,0.022855842226149354,0.022855842226149354,-3.7785485170286037,-3.494403982078894,43.752489630677474,-2.1713851257877055,-0.39499610938781904,-0.07966849713742409,-0.29739580727794535,0.22033923837192934,-0.986848877478197,0.038665597450300106,-0.5255854533630994,-0.2908297271617392,0,1.2236643728386054,24.841433,-76.276583
2,Montreal,1,zero,120,0.03333333333333333,310.6666666666667,13.666666666666668,0.8015,4.4495000000000005,0.018600000000000002,121,8.6,0.3646666666666667,1.146,0.01856,135.1298963087574,11.633159951330903,0,2.474895509406321,-2.4064789070070094,9.5,0.6026210474790317,0,-0.5064667251178822,-4.891386666278263,11.615923521561974,0.8517520853745256,-1.194509809478628,-0.5245228244321093,-1.2069602261090813,-1.1134580729115289,-1.022394145103004,-0.787832562226356,-0.31512115631777593,-0.610921429968791,-1,-1.2236643728386054,24.820924,-76.263468
2,Montreal,2,zero,120,1.1333333333333333,128,8.94,0.8925000000000001,2.977,0.01917,162.33333333333334,6.32,0.376,2.038,0.01831,135.1298963087574,11.633159951330903,0,2.474895509406321,-2.4064789070070094,7.75,0.6026210474790317,0,-0.5064667251178822,-4.891386666278263,11.615923521561974,0.8517520853745256,-1.194509809478628,-0.5245228244321093,-1.2069602261090813,-0.2242598653892235,-1.2712110184766539,-0.787832562226356,-0.31512115631777593,-0.610921429968791,-1,-1.2236643728386054,24.820924,-76.263468
2,Montreal,3,zero,120,2.6666666666666665,28.333333333333332,6.515555555555556,0.045,1.045,0.01802,36,5.8533333333333335,0.11566666666666667,0.903,0.01766,135.1298963087574,11.633159951330903,0,2.474895509406321,-2.4064789070070094,5.75,0.6026210474790317,0,-0.5064667251178822,-4.891386666278263,11.615923521561974,0.8517520853745256,-1.194509809478628,-0.5245228244321093,-1.2069602261090813,0.7284524998132467,-1.5555731594751108,-0.787832562226356,-0.31512115631777593,-0.610921429968791,-1,-1.2236643728386054,24.820924,-76.263468
2,New2,1,natural,120,0.03333333333333333,131.33333333333334,12.886666666666667,0.5505,3.812,0.01732,116,12.246666666666668,1.0013333333333334,3.138,0.01734,10224.709651238794,121.40904032796087,1.4676365291916003,4.801200234148909,0.44325443140878557,16.75,0.11874081951388352,0.11874081951388352,-2.130812148412679,-2.069476798939363,84.21703708075529,-0.649010855540844,0.42051063771605096,0.6232210613779632,0.4124695081898136,-1.049943915231364,0.008418616016401922,1.0793453603746819,0.5063361556138913,0.8812158529687253,0,1.2236643728386054,24.820817,-76.263267
2,New2,2,natural,120,2,90,10.04,0.308,2.5324999999999998,0.0167,92.66666666666667,10.55,0.6413333333333333,1.097,0.016040000000000002,10224.709651238794,121.40904032796087,1.4676365291916003,4.801200234148909,0.44325443140878557,15.75,0.11874081951388352,0.11874081951388352,-2.130812148412679,-2.069476798939363,84.21703708075529,-0.649010855540844,0.42051063771605096,0.6232210613779632,0.4124695081898136,-0.03371739234872943,-0.1337624544828265,1.0793453603746819,0.5063361556138913,0.8812158529687253,0,1.2236643728386054,24.820817,-76.263267
2,New2,3,natural,120,3.5,55.666666666666664,10.606666666666667,0.13,1.961,0.01645,50.666666666666664,8.966666666666667,0.5396666666666667,1.3996666666666666,0.01727,10224.709651238794,121.40904032796087,1.4676365291916003,4.801200234148909,0.44325443140878557,16.875,0.11874081951388352,0.11874081951388352,-2.130812148412679,-2.069476798939363,84.21703708075529,-0.649010855540844,0.42051063771605096,0.6232210613779632,0.4124695081898136,0.9189949728537409,0.026191249828805475,1.0793453603746819,0.5063361556138913,0.8812158529687253,0,1.2236643728386054,24.820817,-76.263267
2,Shit'sCreek,1,half,120,0.06666666666666667,193.66666666666666,18.966666666666665,1.046,1.479,0.01775,217,19.94,1.1946666666666665,2.0766666666666667,0.015449999999999998,1802.3493622750036,45.326309068971305,1.4787293901174619,3.8193289255656953,0.4503501907702322,NA,0.17603921310922166,0.10059383606241237,-1.7370485070036694,-2.2246538184050566,39.76386781311573,-0.2852053052978021,0.33170055123084563,0.13878891493875709,0.41650184466931883,-1.1134580729115289,NA,-0.06391501370360492,0.04955450032769274,-0.00502097380180785,-0.5,0,24.81291,-76.24256
2,Shit'sCreek,2,half,120,3.7,236,13.446666666666667,0.695,3.326,0.0173,210,11.94,0.7113333333333333,5.234666666666667,0.0171,1802.3493622750036,45.326309068971305,1.4787293901174619,3.8193289255656953,0.4503501907702322,NA,0.17603921310922166,0.10059383606241237,-1.7370485070036694,-2.2246538184050566,39.76386781311573,-0.2852053052978021,0.33170055123084563,0.13878891493875709,0.41650184466931883,0.7284524998132467,NA,-0.06391501370360492,0.04955450032769274,-0.00502097380180785,-0.5,0,24.81291,-76.24256
2,Shit'sCreek,3,half,120,5.2,136,9.873333333333333,0.303,3.374,0.01931,135,7.626666666666667,0.5003333333333333,3.5193333333333334,0.01724,1802.3493622750036,45.326309068971305,1.4787293901174619,3.8193289255656953,0.4503501907702322,NA,0.17603921310922166,0.10059383606241237,-1.7370485070036694,-2.2246538184050566,39.76386781311573,-0.2852053052978021,0.33170055123084563,0.13878891493875709,0.41650184466931883,1.6811648650157172,NA,-0.06391501370360492,0.04955450032769274,-0.00502097380180785,-0.5,0,24.81291,-76.24256
2,Vancouver,1,half,120,0.03333333333333333,166,26.133333333333333,1.704,3.341,0.01832,215,22.906666666666666,1.7323333333333333,3.114666666666667,0.02165,4054.3732080874265,60.904876503837244,0.18026424320981924,4.113365547577188,-1.3078664585370985,20.75,0.04506606080245481,0.015022020267484936,-3.0996258478642624,-3.792773478152654,66.5689422723316,-1.5441158473343184,-0.565757352528695,0.2838596494510988,-0.5826471924860385,-1.1134580729115289,0.5771428980133156,0.6254661925931561,-0.542102293058835,0.015238134178029815,-0.5,0,24.88526,-76.260322
2,Vancouver,2,half,120,2.3333333333333335,129.66666666666666,17.113333333333333,0.315,4.966,0.018349999999999998,207.66666666666666,16.14666666666667,1.3833333333333333,6.900333333333333,0.01725,4054.3732080874265,60.904876503837244,0.18026424320981924,4.113365547577188,-1.3078664585370985,30.625,0.04506606080245481,0.015022020267484936,-3.0996258478642624,-3.792773478152654,66.5689422723316,-1.5441158473343184,-0.565757352528695,0.2838596494510988,-0.5826471924860385,-0.16074570770905874,1.9811809691931963,0.6254661925931561,-0.542102293058835,0.015238134178029815,-0.5,0,24.88526,-76.260322
2,Vancouver,3,half,120,3.8666666666666667,63.666666666666664,12.713333333333333,2.886,7.899,0.01698,40,9.073333333333334,0.10966666666666668,1.758,0.019299999999999998,4054.3732080874265,60.904876503837244,0.18026424320981924,4.113365547577188,-1.3078664585370985,21.75,0.04506606080245481,0.015022020267484936,-3.0996258478642624,-3.792773478152654,66.5689422723316,-1.5441158473343184,-0.565757352528695,0.2838596494510988,-0.5826471924860385,0.7919666574934113,0.719323968512544,0.6254661925931561,-0.542102293058835,0.015238134178029815,-0.5,0,24.88526,-76.260322
